model_name,accuracy,balanced_accuracy,train_accuracy,train_test_gap,precision_macro,recall_macro,f1_macro,precision_weighted,recall_weighted,f1_weighted,auc_roc,cv_mean,cv_std,cv_scores,confusion_matrix,classification_report,training_time_seconds,classes,trial
XGBoost,0.7335964479526393,0.5840617017584685,0.874892041949414,0.1412955939967746,0.6665405754957945,0.5840617017584685,0.6121378486451928,0.7113333814912816,0.7335964479526393,0.7133866666042732,0.805426529693171,0.7351964666537771,0.0058626410112241475,"[0.7335964479526393, 0.7261963492846571, 0.7408687068114511, 0.7329713721618953, 0.7423494570582428]","[[79, 41, 49], [4, 1210, 114], [35, 297, 198]]","                precision    recall  f1-score   support

High Performer       0.67      0.47      0.55       169
 Low Performer       0.78      0.91      0.84      1328
 Mid Performer       0.55      0.37      0.44       530

      accuracy                           0.73      2027
     macro avg       0.67      0.58      0.61      2027
  weighted avg       0.71      0.73      0.71      2027
",1.53,"['High Performer', 'Low Performer', 'Mid Performer']",Trial 1: Sales Class
CatBoost,0.7360631475086334,0.5758685518001446,0.7771745835903763,0.041111436081742836,0.6748068688614532,0.5758685518001446,0.6051586888698678,0.7109477523943163,0.7360631475086334,0.7083787442214794,0.80829762525418,0.7347999440913902,0.007703984232191745,"[0.7454366058214109, 0.7311297483966452, 0.7295162882527148, 0.7255676209279368, 0.7423494570582428]","[[79, 42, 48], [3, 1240, 85], [33, 324, 173]]","                precision    recall  f1-score   support

High Performer       0.69      0.47      0.56       169
 Low Performer       0.77      0.93      0.85      1328
 Mid Performer       0.57      0.33      0.41       530

      accuracy                           0.74      2027
     macro avg       0.67      0.58      0.61      2027
  weighted avg       0.71      0.74      0.71      2027
",0.93,"['High Performer', 'Low Performer', 'Mid Performer']",Trial 1: Sales Class
Random Forest,0.7242229896398619,0.5481369320084849,0.851326341764343,0.1271033521244811,0.6504618946584491,0.5481369320084849,0.575085525006532,0.6938172543741257,0.7242229896398619,0.6908608370457641,0.7983305588983588,0.7288790372420497,0.004535452747895887,"[0.7335964479526393, 0.7217562900838678, 0.728035538005923, 0.7270483711747285, 0.7339585389930898]","[[71, 45, 53], [6, 1245, 77], [32, 346, 152]]","                precision    recall  f1-score   support

High Performer       0.65      0.42      0.51       169
 Low Performer       0.76      0.94      0.84      1328
 Mid Performer       0.54      0.29      0.37       530

      accuracy                           0.72      2027
     macro avg       0.65      0.55      0.58      2027
  weighted avg       0.69      0.72      0.69      2027
",0.41,"['High Performer', 'Low Performer', 'Mid Performer']",Trial 1: Sales Class
SVM (RBF),0.7064627528367045,0.4684361426951526,0.7111659469463294,0.004703194109624942,0.6723866640333723,0.4684361426951526,0.4907334848752312,0.6739624089009811,0.7064627528367045,0.6426123673563019,0.7704723874745523,0.6964074822083512,0.004804036298363195,"[0.7020226936359152, 0.6901825357671436, 0.700888450148075, 0.6915103652517275, 0.6974333662388944]","[[44, 73, 52], [0, 1300, 28], [13, 429, 88]]","                precision    recall  f1-score   support

High Performer       0.77      0.26      0.39       169
 Low Performer       0.72      0.98      0.83      1328
 Mid Performer       0.52      0.17      0.25       530

      accuracy                           0.71      2027
     macro avg       0.67      0.47      0.49      2027
  weighted avg       0.67      0.71      0.64      2027
",4.16,"['High Performer', 'Low Performer', 'Mid Performer']",Trial 1: Sales Class
SVM (Linear),0.6990626541687223,0.4477497799616463,0.6880937692782233,-0.010968884890498964,0.6683992473409051,0.4477497799616463,0.46090290143387097,0.6647330298007723,0.6990626541687223,0.6232646928375026,0.7512758734553251,0.6887091880540639,0.0018833230367628511,"[0.6877158362111495, 0.6882091761223483, 0.6915103652517275, 0.6860809476801579, 0.6900296150049359]","[[39, 84, 46], [0, 1312, 16], [11, 453, 66]]","                precision    recall  f1-score   support

High Performer       0.78      0.23      0.36       169
 Low Performer       0.71      0.99      0.83      1328
 Mid Performer       0.52      0.12      0.20       530

      accuracy                           0.70      2027
     macro avg       0.67      0.45      0.46      2027
  weighted avg       0.66      0.70      0.62      2027
",11.59,"['High Performer', 'Low Performer', 'Mid Performer']",Trial 1: Sales Class
Logistic Regression,0.7089294523926986,0.4902649057769539,0.7011721159777915,-0.007757336414907057,0.6626199994560932,0.4902649057769539,0.5179930463512837,0.6750297434821635,0.7089294523926986,0.6558909092145373,0.7597280994110654,0.701540506226164,0.008364947198386296,"[0.7035027133695116, 0.6911692155895411, 0.7147087857847977, 0.6939782823297137, 0.7043435340572557]","[[52, 64, 53], [2, 1279, 47], [16, 408, 106]]","                precision    recall  f1-score   support

High Performer       0.74      0.31      0.44       169
 Low Performer       0.73      0.96      0.83      1328
 Mid Performer       0.51      0.20      0.29       530

      accuracy                           0.71      2027
     macro avg       0.66      0.49      0.52      2027
  weighted avg       0.68      0.71      0.66      2027
",0.06,"['High Performer', 'Low Performer', 'Mid Performer']",Trial 1: Sales Class
KNN,0.6877158362111495,0.5310329180964115,0.772239358420728,0.08452352220957848,0.5758237658182167,0.5310329180964115,0.5449209903634721,0.6587191666917961,0.6877158362111495,0.665697396115872,0.7284498167321427,0.685352918229762,0.005290470039111761,"[0.686235816477553, 0.6887025160335472, 0.692497532082922, 0.6771964461994077, 0.6821322803553801]","[[69, 61, 39], [21, 1160, 147], [47, 318, 165]]","                precision    recall  f1-score   support

High Performer       0.50      0.41      0.45       169
 Low Performer       0.75      0.87      0.81      1328
 Mid Performer       0.47      0.31      0.37       530

      accuracy                           0.69      2027
     macro avg       0.58      0.53      0.54      2027
  weighted avg       0.66      0.69      0.67      2027
",0.0,"['High Performer', 'Low Performer', 'Mid Performer']",Trial 1: Sales Class
Decision Tree,0.6655155402072027,0.5177238315772861,0.8774830351634794,0.21196749495627665,0.5580634870813319,0.5177238315772861,0.5333340758162992,0.6462683800481152,0.6655155402072027,0.6533273091854014,0.6368261004177568,0.6823921482493738,0.003914035670757134,"[0.6788357178095707, 0.6887025160335472, 0.6806515301085884, 0.6850937808489634, 0.6786771964461994]","[[63, 49, 57], [26, 1099, 203], [37, 306, 187]]","                precision    recall  f1-score   support

High Performer       0.50      0.37      0.43       169
 Low Performer       0.76      0.83      0.79      1328
 Mid Performer       0.42      0.35      0.38       530

      accuracy                           0.67      2027
     macro avg       0.56      0.52      0.53      2027
  weighted avg       0.65      0.67      0.65      2027
",0.15,"['High Performer', 'Low Performer', 'Mid Performer']",Trial 1: Sales Class
Gradient Boosting,0.7301430685742477,0.5750826404871467,0.8628007402837754,0.1326576717095277,0.6493062840166197,0.5750826404871467,0.5992362506613118,0.7053511926575957,0.7301430685742477,0.7076923495994413,0.8130780112158768,0.7384534353844033,0.0069409253201639255,"[0.7375431672422299, 0.7291563887518501, 0.7467917077986179, 0.7329713721618953, 0.7458045409674235]","[[77, 43, 49], [7, 1215, 106], [40, 302, 188]]","                precision    recall  f1-score   support

High Performer       0.62      0.46      0.53       169
 Low Performer       0.78      0.91      0.84      1328
 Mid Performer       0.55      0.35      0.43       530

      accuracy                           0.73      2027
     macro avg       0.65      0.58      0.60      2027
  weighted avg       0.71      0.73      0.71      2027
",36.38,"['High Performer', 'Low Performer', 'Mid Performer']",Trial 1: Sales Class
LightGBM,0.7311297483966452,0.5797832672657808,0.9094386181369525,0.17830886974030724,0.64949280608248,0.5797832672657808,0.6026829301129556,0.7068479358969093,0.7311297483966452,0.7094012841626168,0.8047575175458649,0.7319388161108356,0.0037340387010627247,"[0.7331031080414405, 0.726689689195856, 0.7349457058242843, 0.7285291214215203, 0.736426456071076]","[[79, 43, 47], [7, 1213, 108], [42, 298, 190]]","                precision    recall  f1-score   support

High Performer       0.62      0.47      0.53       169
 Low Performer       0.78      0.91      0.84      1328
 Mid Performer       0.55      0.36      0.43       530

      accuracy                           0.73      2027
     macro avg       0.65      0.58      0.60      2027
  weighted avg       0.71      0.73      0.71      2027
",3.3,"['High Performer', 'Low Performer', 'Mid Performer']",Trial 1: Sales Class
MLP Neural Network,0.7173162308830784,0.5205235197796881,0.7259716224552745,0.00865539157219608,0.6589907753518317,0.5205235197796881,0.5536132480201567,0.6879276744623247,0.7173162308830784,0.6817795227040273,0.789261554546988,0.7193052722111319,0.01103754952517663,"[0.7311297483966452, 0.7064627528367045, 0.7295162882527148, 0.7058242843040474, 0.7235932872655478]","[[57, 54, 58], [1, 1245, 82], [23, 355, 152]]","                precision    recall  f1-score   support

High Performer       0.70      0.34      0.46       169
 Low Performer       0.75      0.94      0.84      1328
 Mid Performer       0.52      0.29      0.37       530

      accuracy                           0.72      2027
     macro avg       0.66      0.52      0.55      2027
  weighted avg       0.69      0.72      0.68      2027
",0.79,"['High Performer', 'Low Performer', 'Mid Performer']",Trial 1: Sales Class
XGBoost,0.9644795263936853,0.9626965707937432,0.9967921036397286,0.032312577246043306,0.9628454926434186,0.9626965707937432,0.962762467989251,0.9644187327616595,0.9644795263936853,0.9644412125860076,0.9970007657907889,0.9621989615998434,0.003567192096528319,"[0.9595461272816971, 0.9649728663048841, 0.9639684106614018, 0.9565646594274433, 0.9659427443237907]","[[769, 0, 22], [2, 649, 11], [19, 18, 537]]","                   precision    recall  f1-score   support

  High Engagement       0.97      0.97      0.97       791
   Low Engagement       0.97      0.98      0.98       662
Medium Engagement       0.94      0.94      0.94       574

         accuracy                           0.96      2027
        macro avg       0.96      0.96      0.96      2027
     weighted avg       0.96      0.96      0.96      2027
",1.92,"['High Engagement', 'Low Engagement', 'Medium Engagement']",Trial 2: Engagement Class
CatBoost,0.9580661075481006,0.956397101563493,0.9745835903763109,0.016517482828210306,0.9555295970605037,0.956397101563493,0.9559255691730933,0.9583719042104497,0.9580661075481006,0.9581849925729242,0.9950906745598145,0.955190953714197,0.004983172225387679,"[0.9551060680809077, 0.9605328071040947, 0.9501480750246791, 0.9491609081934848, 0.9610069101678184]","[[766, 0, 25], [0, 639, 23], [20, 17, 537]]","                   precision    recall  f1-score   support

  High Engagement       0.97      0.97      0.97       791
   Low Engagement       0.97      0.97      0.97       662
Medium Engagement       0.92      0.94      0.93       574

         accuracy                           0.96      2027
        macro avg       0.96      0.96      0.96      2027
     weighted avg       0.96      0.96      0.96      2027
",1.48,"['High Engagement', 'Low Engagement', 'Medium Engagement']",Trial 2: Engagement Class
Random Forest,0.9417858904785397,0.938662230072597,0.993460826650216,0.05167493617167629,0.9392356897331808,0.938662230072597,0.9389419537497673,0.9416918610695107,0.9417858904785397,0.9417318848196703,0.9936540156349767,0.9490719316863021,0.004400290330443182,"[0.9481993093241243, 0.9531327084361125, 0.9417571569595261, 0.9481737413622903, 0.9540967423494571]","[[758, 0, 33], [2, 637, 23], [36, 24, 514]]","                   precision    recall  f1-score   support

  High Engagement       0.95      0.96      0.96       791
   Low Engagement       0.96      0.96      0.96       662
Medium Engagement       0.90      0.90      0.90       574

         accuracy                           0.94      2027
        macro avg       0.94      0.94      0.94      2027
     weighted avg       0.94      0.94      0.94      2027
",0.71,"['High Engagement', 'Low Engagement', 'Medium Engagement']",Trial 2: Engagement Class
SVM (RBF),0.949185989146522,0.9495065253263858,0.9559531153608883,0.00676712621436637,0.9470037238667576,0.9495065253263858,0.9477029444498816,0.9511729475700508,0.949185989146522,0.9496804168293388,0.9927540715052952,0.9376234262919491,0.007038611122376273,"[0.9314257523433646, 0.9432659102121361, 0.928923988153998, 0.9368213228035538, 0.947680157946693]","[[748, 0, 43], [4, 630, 28], [19, 9, 546]]","                   precision    recall  f1-score   support

  High Engagement       0.97      0.95      0.96       791
   Low Engagement       0.99      0.95      0.97       662
Medium Engagement       0.88      0.95      0.92       574

         accuracy                           0.95      2027
        macro avg       0.95      0.95      0.95      2027
     weighted avg       0.95      0.95      0.95      2027
",3.49,"['High Engagement', 'Low Engagement', 'Medium Engagement']",Trial 2: Engagement Class
SVM (Linear),0.9827331031080414,0.9822763848807149,0.9860579888957434,0.003324885787701959,0.9815141501354416,0.9822763848807149,0.9818795613909926,0.9828164612206115,0.9827331031080414,0.9827605386023992,0.9980930686915385,0.9836158552531934,0.003803112672724066,"[0.9906265416872225, 0.9807597434632461, 0.981243830207305, 0.9807502467917077, 0.9846989141164857]","[[780, 0, 11], [2, 651, 9], [5, 8, 561]]","                   precision    recall  f1-score   support

  High Engagement       0.99      0.99      0.99       791
   Low Engagement       0.99      0.98      0.99       662
Medium Engagement       0.97      0.98      0.97       574

         accuracy                           0.98      2027
        macro avg       0.98      0.98      0.98      2027
     weighted avg       0.98      0.98      0.98      2027
",1.29,"['High Engagement', 'Low Engagement', 'Medium Engagement']",Trial 2: Engagement Class
Logistic Regression,0.9792797237296498,0.9798718220662331,0.9797655768044417,0.00048585307479187545,0.9773882897577609,0.9798718220662331,0.9784189381728331,0.9799053749409498,0.9792797237296498,0.9794005331540667,0.9970848635711259,0.977990221837377,0.004378251415230738,"[0.9817464232856438, 0.9773063640848545, 0.9713721618953604, 0.9758144126357354, 0.9837117472852912]","[[772, 0, 19], [2, 646, 14], [2, 5, 567]]","                   precision    recall  f1-score   support

  High Engagement       0.99      0.98      0.99       791
   Low Engagement       0.99      0.98      0.98       662
Medium Engagement       0.94      0.99      0.97       574

         accuracy                           0.98      2027
        macro avg       0.98      0.98      0.98      2027
     weighted avg       0.98      0.98      0.98      2027
",0.08,"['High Engagement', 'Low Engagement', 'Medium Engagement']",Trial 2: Engagement Class
KNN,0.6901825357671436,0.6706197491161263,0.8061690314620604,0.11598649569491681,0.6715195373731958,0.6706197491161263,0.6681043805964401,0.6801872907796596,0.6901825357671436,0.6823147413536949,0.8544830213773332,0.6872298501327829,0.011387909506516388,"[0.672915638875185, 0.6887025160335472, 0.6860809476801579, 0.6811451135241856, 0.707305034550839]","[[643, 31, 117], [53, 510, 99], [206, 122, 246]]","                   precision    recall  f1-score   support

  High Engagement       0.71      0.81      0.76       791
   Low Engagement       0.77      0.77      0.77       662
Medium Engagement       0.53      0.43      0.47       574

         accuracy                           0.69      2027
        macro avg       0.67      0.67      0.67      2027
     weighted avg       0.68      0.69      0.68      2027
",0.0,"['High Engagement', 'Low Engagement', 'Medium Engagement']",Trial 2: Engagement Class
Decision Tree,0.9314257523433646,0.9267906550565499,0.9922270203578039,0.0608012680144393,0.9290604156831415,0.9267906550565499,0.9277167425697103,0.9308947104563033,0.9314257523433646,0.9309721985764889,0.9533565079341897,0.9327885977604413,0.006527835061248663,"[0.92501233349778, 0.9264923532313765, 0.9402764067127345, 0.9318854886475815, 0.9402764067127345]","[[755, 1, 35], [4, 639, 19], [45, 35, 494]]","                   precision    recall  f1-score   support

  High Engagement       0.94      0.95      0.95       791
   Low Engagement       0.95      0.97      0.96       662
Medium Engagement       0.90      0.86      0.88       574

         accuracy                           0.93      2027
        macro avg       0.93      0.93      0.93      2027
     weighted avg       0.93      0.93      0.93      2027
",0.18,"['High Engagement', 'Low Engagement', 'Medium Engagement']",Trial 2: Engagement Class
Gradient Boosting,0.9551060680809077,0.9534054840359344,0.998272671190623,0.04316660310971532,0.9522779207438442,0.9534054840359344,0.9528081382463284,0.9552900571886653,0.9551060680809077,0.9551623296660321,0.99510779658665,0.9582503429759452,0.003231781042948589,"[0.96250616674889, 0.9615194869264924, 0.956071076011846, 0.9540967423494571, 0.9570582428430404]","[[760, 0, 31], [0, 645, 17], [19, 24, 531]]","                   precision    recall  f1-score   support

  High Engagement       0.98      0.96      0.97       791
   Low Engagement       0.96      0.97      0.97       662
Medium Engagement       0.92      0.93      0.92       574

         accuracy                           0.96      2027
        macro avg       0.95      0.95      0.95      2027
     weighted avg       0.96      0.96      0.96      2027
",33.45,"['High Engagement', 'Low Engagement', 'Medium Engagement']",Trial 2: Engagement Class
LightGBM,0.9644795263936853,0.9626095318706386,0.9998766193707588,0.0353970929770735,0.9624533693390965,0.9626095318706386,0.9625301904709129,0.9644837639324341,0.9644795263936853,0.9644803109978932,0.9975942369547878,0.9657519829780685,0.001235311974086385,"[0.9654662062160829, 0.9669462259496794, 0.9674234945705824, 0.9644619940769991, 0.9644619940769991]","[[771, 0, 20], [0, 646, 16], [18, 18, 538]]","                   precision    recall  f1-score   support

  High Engagement       0.98      0.97      0.98       791
   Low Engagement       0.97      0.98      0.97       662
Medium Engagement       0.94      0.94      0.94       574

         accuracy                           0.96      2027
        macro avg       0.96      0.96      0.96      2027
     weighted avg       0.96      0.96      0.96      2027
",3.64,"['High Engagement', 'Low Engagement', 'Medium Engagement']",Trial 2: Engagement Class
MLP Neural Network,0.9659595461272817,0.9620490421945633,0.980505860579889,0.014546314452607234,0.9661978686077862,0.9620490421945633,0.9638185604517492,0.9659771820427085,0.9659595461272817,0.9656851367654091,0.9967948187450771,0.9711797447197288,0.004865037519058859,"[0.978786383818451, 0.970399605328071, 0.9634748272458046, 0.9718657453109576, 0.9713721618953604]","[[784, 0, 7], [1, 649, 12], [30, 19, 525]]","                   precision    recall  f1-score   support

  High Engagement       0.96      0.99      0.98       791
   Low Engagement       0.97      0.98      0.98       662
Medium Engagement       0.97      0.91      0.94       574

         accuracy                           0.97      2027
        macro avg       0.97      0.96      0.96      2027
     weighted avg       0.97      0.97      0.97      2027
",1.15,"['High Engagement', 'Low Engagement', 'Medium Engagement']",Trial 2: Engagement Class
XGBoost,0.9955599407992106,0.9920173746678117,0.9996298581122763,0.0040699173130657185,0.9878495793036383,0.9920173746678117,0.98991872899987,0.9955718101158052,0.9955599407992106,0.99556418393608,0.999901432353686,0.9926964264755513,0.0007893093056184466,"[0.9916132215096202, 0.9935865811544153, 0.9925962487660415, 0.9921026653504442, 0.993583415597236]","[[73, 1, 0], [2, 1530, 3], [0, 3, 415]]","              precision    recall  f1-score   support

    High Fit       0.97      0.99      0.98        74
     Low Fit       1.00      1.00      1.00      1535
Moderate Fit       0.99      0.99      0.99       418

    accuracy                           1.00      2027
   macro avg       0.99      0.99      0.99      2027
weighted avg       1.00      1.00      1.00      2027
",1.8,"['High Fit', 'Low Fit', 'Moderate Fit']",Trial 3: Fit Classification
CatBoost,0.9950666008880118,0.9857719914637454,0.9974090067859346,0.0023424058979227835,0.9917246062409267,0.9857719914637454,0.9887283475524237,0.9950568372791244,0.9950666008880118,0.9950561393095568,0.9999033673649743,0.992597855895071,0.0009351237066741534,"[0.9911198815984213, 0.9925999013320178, 0.9921026653504442, 0.993583415597236, 0.993583415597236]","[[72, 1, 1], [0, 1533, 2], [1, 5, 412]]","              precision    recall  f1-score   support

    High Fit       0.99      0.97      0.98        74
     Low Fit       1.00      1.00      1.00      1535
Moderate Fit       0.99      0.99      0.99       418

    accuracy                           1.00      2027
   macro avg       0.99      0.99      0.99      2027
weighted avg       1.00      1.00      1.00      2027
",2.07,"['High Fit', 'Low Fit', 'Moderate Fit']",Trial 3: Fit Classification
Random Forest,0.9881598421312284,0.9595541928475239,0.9966687230104874,0.00850888087925894,0.9770769747773317,0.9595541928475239,0.9680729192112283,0.9880855587769222,0.9881598421312284,0.9880924434611563,0.9996244980108638,0.9878600882167735,0.0009173954964960959,"[0.9886531820424272, 0.9886531820424272, 0.9861796643632774, 0.9881539980256664, 0.9876604146100691]","[[67, 6, 1], [2, 1527, 6], [1, 8, 409]]","              precision    recall  f1-score   support

    High Fit       0.96      0.91      0.93        74
     Low Fit       0.99      0.99      0.99      1535
Moderate Fit       0.98      0.98      0.98       418

    accuracy                           0.99      2027
   macro avg       0.98      0.96      0.97      2027
weighted avg       0.99      0.99      0.99      2027
",0.84,"['High Fit', 'Low Fit', 'Moderate Fit']",Trial 3: Fit Classification
SVM (RBF),0.9856931425752343,0.9832572250881868,0.9900061690314621,0.004313026456227775,0.9479727389084442,0.9832572250881868,0.963762021557185,0.9864775847390684,0.9856931425752343,0.9858265238472804,0.9992298553731489,0.9839120053025517,0.0023503558966963736,"[0.983719782930439, 0.9876665022200296, 0.9817374136229022, 0.9851924975320829, 0.981243830207305]","[[74, 0, 0], [8, 1524, 3], [4, 14, 400]]","              precision    recall  f1-score   support

    High Fit       0.86      1.00      0.93        74
     Low Fit       0.99      0.99      0.99      1535
Moderate Fit       0.99      0.96      0.97       418

    accuracy                           0.99      2027
   macro avg       0.95      0.98      0.96      2027
weighted avg       0.99      0.99      0.99      2027
",1.87,"['High Fit', 'Low Fit', 'Moderate Fit']",Trial 3: Fit Classification
SVM (Linear),0.9950666008880118,0.9906396336020887,0.997038864898211,0.0019722640101992317,0.9841506101159022,0.9906396336020887,0.9873331101679791,0.995100022074706,0.9950666008880118,0.995074260949873,0.9999079957289094,0.994670516633542,0.0011417401203549886,"[0.994573260976813, 0.9930932412432166, 0.9950641658440277, 0.9965449160908193, 0.9940769990128332]","[[73, 1, 0], [2, 1531, 2], [1, 4, 413]]","              precision    recall  f1-score   support

    High Fit       0.96      0.99      0.97        74
     Low Fit       1.00      1.00      1.00      1535
Moderate Fit       1.00      0.99      0.99       418

    accuracy                           1.00      2027
   macro avg       0.98      0.99      0.99      2027
weighted avg       1.00      1.00      1.00      2027
",0.44,"['High Fit', 'Low Fit', 'Moderate Fit']",Trial 3: Fit Classification
Logistic Regression,0.9960532807104094,0.991073944134119,0.9967921036397286,0.0007388229293191495,0.9892222997011825,0.991073944134119,0.9901254430075079,0.9960664813797709,0.9960532807104094,0.9960528174117725,0.9997824740798462,0.995065188562501,0.0012088094427787335,"[0.9950666008880118, 0.994573260976813, 0.9960513326752222, 0.9965449160908193, 0.9930898321816387]","[[73, 1, 0], [1, 1533, 1], [1, 4, 413]]","              precision    recall  f1-score   support

    High Fit       0.97      0.99      0.98        74
     Low Fit       1.00      1.00      1.00      1535
Moderate Fit       1.00      0.99      0.99       418

    accuracy                           1.00      2027
   macro avg       0.99      0.99      0.99      2027
weighted avg       1.00      1.00      1.00      2027
",0.06,"['High Fit', 'Low Fit', 'Moderate Fit']",Trial 3: Fit Classification
KNN,0.9299457326097681,0.8764808743721825,0.9574336829117829,0.027487950302014785,0.9304009619977561,0.8764808743721825,0.8995704922921691,0.929997490618229,0.9299457326097681,0.9272063073267754,0.9743120317021364,0.9263708932374446,0.006272983065005657,"[0.9309324124321657, 0.9319190922545634, 0.9220138203356367, 0.930898321816387, 0.9160908193484699]","[[67, 7, 0], [4, 1508, 23], [1, 107, 310]]","              precision    recall  f1-score   support

    High Fit       0.93      0.91      0.92        74
     Low Fit       0.93      0.98      0.96      1535
Moderate Fit       0.93      0.74      0.83       418

    accuracy                           0.93      2027
   macro avg       0.93      0.88      0.90      2027
weighted avg       0.93      0.93      0.93      2027
",0.0,"['High Fit', 'Low Fit', 'Moderate Fit']",Trial 3: Fit Classification
Decision Tree,0.9916132215096202,0.9762574990245142,0.9990129549660703,0.007399733456450175,0.9803610040336675,0.9762574990245142,0.9782945245849494,0.9915958379302363,0.9916132215096202,0.9916028408013121,0.9848798404119278,0.9846027298791098,0.003206662428262501,"[0.9891465219536261, 0.9851998026640355, 0.981243830207305, 0.9807502467917077, 0.9866732477788747]","[[70, 4, 0], [3, 1527, 5], [0, 5, 413]]","              precision    recall  f1-score   support

    High Fit       0.96      0.95      0.95        74
     Low Fit       0.99      0.99      0.99      1535
Moderate Fit       0.99      0.99      0.99       418

    accuracy                           0.99      2027
   macro avg       0.98      0.98      0.98      2027
weighted avg       0.99      0.99      0.99      2027
",0.35,"['High Fit', 'Low Fit', 'Moderate Fit']",Trial 3: Fit Classification
Gradient Boosting,0.9960532807104094,0.9928148228336809,1.0,0.003946719289590561,0.9880721605454333,0.9928148228336809,0.9904281647437833,0.9960680378277633,0.9960532807104094,0.9960584343413863,0.9998979458640985,0.9919065956088364,0.0013831681503964188,"[0.9925999013320178, 0.9935865811544153, 0.9911154985192497, 0.9925962487660415, 0.989634748272458]","[[73, 1, 0], [2, 1530, 3], [0, 2, 416]]","              precision    recall  f1-score   support

    High Fit       0.97      0.99      0.98        74
     Low Fit       1.00      1.00      1.00      1535
Moderate Fit       0.99      1.00      0.99       418

    accuracy                           1.00      2027
   macro avg       0.99      0.99      0.99      2027
weighted avg       1.00      1.00      1.00      2027
",46.19,"['High Fit', 'Low Fit', 'Moderate Fit']",Trial 3: Fit Classification
LightGBM,0.9960532807104094,0.992234529933827,1.0,0.003946719289590561,0.992234529933827,0.992234529933827,0.992234529933827,0.9960532807104094,0.9960532807104094,0.9960532807104094,0.9999185113244801,0.9922025995555558,0.0021043210243574736,"[0.9935865811544153, 0.9940799210656142, 0.9925962487660415, 0.9925962487660415, 0.9881539980256664]","[[73, 1, 0], [1, 1531, 3], [0, 3, 415]]","              precision    recall  f1-score   support

    High Fit       0.99      0.99      0.99        74
     Low Fit       1.00      1.00      1.00      1535
Moderate Fit       0.99      0.99      0.99       418

    accuracy                           1.00      2027
   macro avg       0.99      0.99      0.99      2027
weighted avg       1.00      1.00      1.00      2027
",4.04,"['High Fit', 'Low Fit', 'Moderate Fit']",Trial 3: Fit Classification
MLP Neural Network,0.9891465219536261,0.9874534775100522,0.9961752004935225,0.007028678539896416,0.9719394044303167,0.9874534775100522,0.9795497473019853,0.9892897231597839,0.9891465219536261,0.9891874344483637,0.9982301693656446,0.989044980619485,0.002797336602228243,"[0.9861864824864331, 0.9881598421312284, 0.9921026653504442, 0.9925962487660415, 0.9861796643632774]","[[73, 1, 0], [3, 1520, 12], [1, 5, 412]]","              precision    recall  f1-score   support

    High Fit       0.95      0.99      0.97        74
     Low Fit       1.00      0.99      0.99      1535
Moderate Fit       0.97      0.99      0.98       418

    accuracy                           0.99      2027
   macro avg       0.97      0.99      0.98      2027
weighted avg       0.99      0.99      0.99      2027
",1.18,"['High Fit', 'Low Fit', 'Moderate Fit']",Trial 3: Fit Classification
XGBoost,0.7148495313270844,0.6010951772549711,0.8682294879703887,0.15337995664330428,0.6710280195946267,0.6010951772549711,0.6256711946001448,0.6986927985190708,0.7148495313270844,0.698859841330182,0.8029265878878422,0.7126937381869929,0.009464570212609276,"[0.7163295510606809, 0.6961026147015293, 0.7102665350444225, 0.7245804540967423, 0.7161895360315893]","[[96, 52, 46], [8, 1106, 134], [38, 300, 247]]","              precision    recall  f1-score   support

 High Orders       0.68      0.49      0.57       194
  Low Orders       0.76      0.89      0.82      1248
  Mid Orders       0.58      0.42      0.49       585

    accuracy                           0.71      2027
   macro avg       0.67      0.60      0.63      2027
weighted avg       0.70      0.71      0.70      2027
",3.61,"['High Orders', 'Low Orders', 'Mid Orders']",Trial 4: Orders Class
CatBoost,0.7015293537247164,0.5792382588774342,0.7610117211597779,0.05948236743506152,0.6483049823465868,0.5792382588774342,0.6005865690700393,0.6806172241903069,0.7015293537247164,0.6796316548384315,0.8046687379371384,0.7121990833520425,0.002308162435555729,"[0.7143561914158856, 0.7089294523926986, 0.7107601184600197, 0.7152023692003948, 0.7117472852912142]","[[93, 56, 45], [10, 1116, 122], [42, 330, 213]]","              precision    recall  f1-score   support

 High Orders       0.64      0.48      0.55       194
  Low Orders       0.74      0.89      0.81      1248
  Mid Orders       0.56      0.36      0.44       585

    accuracy                           0.70      2027
   macro avg       0.65      0.58      0.60      2027
weighted avg       0.68      0.70      0.68      2027
",2.42,"['High Orders', 'Low Orders', 'Mid Orders']",Trial 4: Orders Class
Random Forest,0.6936359151455352,0.5608093224072606,0.850709438618137,0.15707352347260173,0.6308059099702266,0.5608093224072606,0.5804582852534169,0.668895616851915,0.6936359151455352,0.6677382797791214,0.794594866715025,0.7003559060287305,0.005727569102768622,"[0.6985693142575234, 0.6961026147015293, 0.7003948667324777, 0.711253701875617, 0.6954590325765054]","[[87, 55, 52], [12, 1124, 112], [43, 347, 195]]","              precision    recall  f1-score   support

 High Orders       0.61      0.45      0.52       194
  Low Orders       0.74      0.90      0.81      1248
  Mid Orders       0.54      0.33      0.41       585

    accuracy                           0.69      2027
   macro avg       0.63      0.56      0.58      2027
weighted avg       0.67      0.69      0.67      2027
",1.02,"['High Orders', 'Low Orders', 'Mid Orders']",Trial 4: Orders Class
SVM (RBF),0.667488899851998,0.46946628924721706,0.6894509561998766,0.021962056347878622,0.6005159904525609,0.46946628924721706,0.4801771545532598,0.628082309354054,0.667488899851998,0.6054787450882018,0.7526781965291406,0.6664039416543981,0.0035413335053201263,"[0.6660088801184015, 0.6620621608288111, 0.6688055281342546, 0.6717670286278381, 0.6633761105626851]","[[53, 82, 59], [8, 1197, 43], [26, 456, 103]]","              precision    recall  f1-score   support

 High Orders       0.61      0.27      0.38       194
  Low Orders       0.69      0.96      0.80      1248
  Mid Orders       0.50      0.18      0.26       585

    accuracy                           0.67      2027
   macro avg       0.60      0.47      0.48      2027
weighted avg       0.63      0.67      0.61      2027
",7.68,"['High Orders', 'Low Orders', 'Mid Orders']",Trial 4: Orders Class
SVM (Linear),0.6576221016280217,0.4382351969336505,0.6534238124614435,-0.004198289166578162,0.6022844435277732,0.4382351969336505,0.4396376535092352,0.6143152972429103,0.6576221016280217,0.579538551997961,0.7324317932035903,0.6494280812194311,0.0032247250821925734,"[0.6482486433152442, 0.6452886038480513, 0.6515301085883515, 0.6475814412635735, 0.6544916090819348]","[[41, 93, 60], [7, 1217, 24], [14, 496, 75]]","              precision    recall  f1-score   support

 High Orders       0.66      0.21      0.32       194
  Low Orders       0.67      0.98      0.80      1248
  Mid Orders       0.47      0.13      0.20       585

    accuracy                           0.66      2027
   macro avg       0.60      0.44      0.44      2027
weighted avg       0.61      0.66      0.58      2027
",15.41,"['High Orders', 'Low Orders', 'Mid Orders']",Trial 4: Orders Class
Logistic Regression,0.6689689195855945,0.4857586571504098,0.6740283775447254,0.005059457959130986,0.5911954443676498,0.4857586571504098,0.5018976173013598,0.6308486018780727,0.6689689195855945,0.6217955492543477,0.7369275796186859,0.6655157350107215,0.003868294770644568,"[0.6669955599407992, 0.6586087814504193, 0.6643632773938796, 0.6678183613030603, 0.6697926949654491]","[[57, 70, 67], [13, 1164, 71], [29, 421, 135]]","              precision    recall  f1-score   support

 High Orders       0.58      0.29      0.39       194
  Low Orders       0.70      0.93      0.80      1248
  Mid Orders       0.49      0.23      0.31       585

    accuracy                           0.67      2027
   macro avg       0.59      0.49      0.50      2027
weighted avg       0.63      0.67      0.62      2027
",0.09,"['High Orders', 'Low Orders', 'Mid Orders']",Trial 4: Orders Class
KNN,0.6457819437592501,0.5194101168972303,0.7578038247995065,0.11202188104025634,0.5412811035480136,0.5194101168972303,0.5203092108285595,0.61622347051635,0.6457819437592501,0.6203273080047487,0.7068921583368571,0.651697834417983,0.005190630583202663,"[0.6556487419832264, 0.6452886038480513, 0.6574531095755183, 0.6544916090819348, 0.6456071076011846]","[[83, 76, 35], [34, 1063, 151], [70, 352, 163]]","              precision    recall  f1-score   support

 High Orders       0.44      0.43      0.44       194
  Low Orders       0.71      0.85      0.78      1248
  Mid Orders       0.47      0.28      0.35       585

    accuracy                           0.65      2027
   macro avg       0.54      0.52      0.52      2027
weighted avg       0.62      0.65      0.62      2027
",0.0,"['High Orders', 'Low Orders', 'Mid Orders']",Trial 4: Orders Class
Decision Tree,0.6655155402072027,0.5558769862249243,0.869586674892042,0.20407113468483928,0.5795142645541578,0.5558769862249243,0.5645510570202973,0.6481727433846391,0.6655155402072027,0.6536967990070993,0.6656454264092667,0.6604810380689907,0.003974550285359339,"[0.6630488406512087, 0.6640355204736064, 0.6623889437314906, 0.6530108588351431, 0.6599210266535045]","[[87, 46, 61], [39, 1033, 176], [47, 309, 229]]","              precision    recall  f1-score   support

 High Orders       0.50      0.45      0.47       194
  Low Orders       0.74      0.83      0.78      1248
  Mid Orders       0.49      0.39      0.44       585

    accuracy                           0.67      2027
   macro avg       0.58      0.56      0.56      2027
weighted avg       0.65      0.67      0.65      2027
",0.36,"['High Orders', 'Low Orders', 'Mid Orders']",Trial 4: Orders Class
Gradient Boosting,0.7054760730143068,0.5913643272535025,0.8505860579888957,0.14510998497458893,0.6508044703052381,0.5913643272535025,0.612628277292178,0.6885632109722857,0.7054760730143068,0.6903228424291422,0.8063770729385874,0.713680028402353,0.0054404736150902005,"[0.7148495313270844, 0.7064627528367045, 0.709279368213228, 0.7221125370187562, 0.7156959526159921]","[[93, 54, 47], [14, 1091, 143], [40, 299, 246]]","              precision    recall  f1-score   support

 High Orders       0.63      0.48      0.55       194
  Low Orders       0.76      0.87      0.81      1248
  Mid Orders       0.56      0.42      0.48       585

    accuracy                           0.71      2027
   macro avg       0.65      0.59      0.61      2027
weighted avg       0.69      0.71      0.69      2027
",50.42,"['High Orders', 'Low Orders', 'Mid Orders']",Trial 4: Orders Class
LightGBM,0.7074494326591021,0.5928602373190002,0.9005552128315855,0.19310578017248337,0.6545708368717474,0.5928602373190002,0.615536003067957,0.6918676279669419,0.7074494326591021,0.6939339238089035,0.7981673923226174,0.7085478810003745,0.008790960008637928,"[0.7128761716822891, 0.697089294523927, 0.6989141164856861, 0.7181638696939783, 0.7156959526159921]","[[91, 51, 52], [14, 1086, 148], [37, 291, 257]]","              precision    recall  f1-score   support

 High Orders       0.64      0.47      0.54       194
  Low Orders       0.76      0.87      0.81      1248
  Mid Orders       0.56      0.44      0.49       585

    accuracy                           0.71      2027
   macro avg       0.65      0.59      0.62      2027
weighted avg       0.69      0.71      0.69      2027
",3.52,"['High Orders', 'Low Orders', 'Mid Orders']",Trial 4: Orders Class
MLP Neural Network,0.6852491366551554,0.5511944885011896,0.7106724244293646,0.025423287774209213,0.620974252459145,0.5511944885011896,0.5725333652917081,0.661829107650241,0.6852491366551554,0.6627244601954312,0.7797751801312559,0.6889070597282199,0.008153699092892165,"[0.6941292550567341, 0.6773556980759744, 0.6836130306021717, 0.700888450148075, 0.6885488647581441]","[[81, 64, 49], [12, 1101, 135], [42, 336, 207]]","              precision    recall  f1-score   support

 High Orders       0.60      0.42      0.49       194
  Low Orders       0.73      0.88      0.80      1248
  Mid Orders       0.53      0.35      0.42       585

    accuracy                           0.69      2027
   macro avg       0.62      0.55      0.57      2027
weighted avg       0.66      0.69      0.66      2027
",1.09,"['High Orders', 'Low Orders', 'Mid Orders']",Trial 4: Orders Class
XGBoost,0.8056240749876665,0.7541860022369766,0.9322640345465761,0.1266399595589096,0.7750556231210842,0.7541860022369766,0.7587737792561007,0.799919308608201,0.8056240749876665,0.7995411401820953,0.9221195964984297,0.8150403413736862,0.005792940048098123,"[0.8258510113468179, 0.8154908732116428, 0.8119447186574531, 0.8129318854886476, 0.8089832181638696]","[[420, 44, 0], [101, 1039, 78], [0, 171, 174]]","              precision    recall  f1-score   support

    Low Tier       0.81      0.91      0.85       464
    Mid Tier       0.83      0.85      0.84      1218
    Top Tier       0.69      0.50      0.58       345

    accuracy                           0.81      2027
   macro avg       0.78      0.75      0.76      2027
weighted avg       0.80      0.81      0.80      2027
",2.43,"['Low Tier', 'Mid Tier', 'Top Tier']",Trial 5: Multi-Target
CatBoost,0.8036507153428712,0.7428497060993312,0.8488587291795188,0.04520801383664752,0.7758073212085336,0.7428497060993312,0.7488911648905705,0.7970275761092177,0.8036507153428712,0.7945976510364301,0.9182438430115013,0.8132639767872127,0.011537747178954191,"[0.833744449925999, 0.8021706956092748, 0.815893385982231, 0.8119447186574531, 0.8025666337611056]","[[425, 39, 0], [104, 1048, 66], [0, 189, 156]]","              precision    recall  f1-score   support

    Low Tier       0.80      0.92      0.86       464
    Mid Tier       0.82      0.86      0.84      1218
    Top Tier       0.70      0.45      0.55       345

    accuracy                           0.80      2027
   macro avg       0.78      0.74      0.75      2027
weighted avg       0.80      0.80      0.79      2027
",1.66,"['Low Tier', 'Mid Tier', 'Top Tier']",Trial 5: Multi-Target
Random Forest,0.796250616674889,0.7373595940125175,0.9009253547193091,0.10467473804442018,0.7652148811535429,0.7373595940125175,0.7410909564355137,0.7894798744325716,0.796250616674889,0.7872571465471819,0.9153347744855768,0.8077369139518767,0.007530782331129783,"[0.820424272323631, 0.8046373951652689, 0.8119447186574531, 0.8005923000987167, 0.8010858835143139]","[[425, 39, 0], [113, 1035, 70], [0, 191, 154]]","              precision    recall  f1-score   support

    Low Tier       0.79      0.92      0.85       464
    Mid Tier       0.82      0.85      0.83      1218
    Top Tier       0.69      0.45      0.54       345

    accuracy                           0.80      2027
   macro avg       0.77      0.74      0.74      2027
weighted avg       0.79      0.80      0.79      2027
",0.67,"['Low Tier', 'Mid Tier', 'Top Tier']",Trial 5: Multi-Target
SVM (RBF),0.7434632461766156,0.6070223816663096,0.7644663787785317,0.021003132601916108,0.7682744546482446,0.6070223816663096,0.6324892233844484,0.7523905067638015,0.7434632461766156,0.71492432617272,0.8636971831037465,0.742597539339353,0.0043419235384731195,"[0.7424765663542181, 0.7444499259990133, 0.7497532082922014, 0.7379072063178678, 0.7384007897334649]","[[313, 151, 0], [82, 1114, 22], [0, 265, 80]]","              precision    recall  f1-score   support

    Low Tier       0.79      0.67      0.73       464
    Mid Tier       0.73      0.91      0.81      1218
    Top Tier       0.78      0.23      0.36       345

    accuracy                           0.74      2027
   macro avg       0.77      0.61      0.63      2027
weighted avg       0.75      0.74      0.71      2027
",6.57,"['Low Tier', 'Mid Tier', 'Top Tier']",Trial 5: Multi-Target
SVM (Linear),0.7464232856438086,0.6165101972823113,0.7542257865515114,0.007802500907702847,0.748684306821093,0.6165101972823113,0.6266707087860361,0.7456732195524328,0.7464232856438086,0.7140964503970386,0.8626001064935395,0.7441767140639861,0.005578534818540772,"[0.7464232856438086, 0.7434632461766156, 0.7522211253701876, 0.7438302073050346, 0.7349457058242843]","[[354, 109, 1], [101, 1094, 23], [0, 280, 65]]","              precision    recall  f1-score   support

    Low Tier       0.78      0.76      0.77       464
    Mid Tier       0.74      0.90      0.81      1218
    Top Tier       0.73      0.19      0.30       345

    accuracy                           0.75      2027
   macro avg       0.75      0.62      0.63      2027
weighted avg       0.75      0.75      0.71      2027
",8.77,"['Low Tier', 'Mid Tier', 'Top Tier']",Trial 5: Multi-Target
Logistic Regression,0.7454366058214109,0.6408045977011494,0.7563232572486119,0.010886651427201022,0.7271090294041113,0.6408045977011494,0.6642278128909482,0.7384915814490329,0.7454366058214109,0.7296745602773048,0.8679723572875714,0.752171109566752,0.005047340777421821,"[0.7582634435125801, 0.7483966452886038, 0.7581441263573544, 0.7497532082922014, 0.7462981243830207]","[[332, 131, 1], [95, 1064, 59], [0, 230, 115]]","              precision    recall  f1-score   support

    Low Tier       0.78      0.72      0.75       464
    Mid Tier       0.75      0.87      0.81      1218
    Top Tier       0.66      0.33      0.44       345

    accuracy                           0.75      2027
   macro avg       0.73      0.64      0.66      2027
weighted avg       0.74      0.75      0.73      2027
",0.22,"['Low Tier', 'Mid Tier', 'Top Tier']",Trial 5: Multi-Target
KNN,0.69166255550074,0.5866165131719855,0.7928439235040099,0.10118136800326993,0.6566322728999817,0.5866165131719855,0.6091594255627616,0.6815341936182499,0.69166255550074,0.67798274210956,0.7825809898948344,0.69157163095837,0.0020840993453439182,"[0.6906758756783424, 0.6887025160335472, 0.6949654491609082, 0.6910167818361304, 0.692497532082922]","[[271, 190, 3], [121, 1012, 85], [4, 222, 119]]","              precision    recall  f1-score   support

    Low Tier       0.68      0.58      0.63       464
    Mid Tier       0.71      0.83      0.77      1218
    Top Tier       0.57      0.34      0.43       345

    accuracy                           0.69      2027
   macro avg       0.66      0.59      0.61      2027
weighted avg       0.68      0.69      0.68      2027
",0.0,"['Low Tier', 'Mid Tier', 'Top Tier']",Trial 5: Multi-Target
Decision Tree,0.7656635421805624,0.7224316413221961,0.9275755706354103,0.16191202845484787,0.7218048582605,0.7224316413221961,0.7202919660945408,0.7610980364798969,0.7656635421805624,0.7623124375207956,0.8102834299623831,0.7676665606610852,0.006413699381515459,"[0.7784903798717316, 0.7592501233349778, 0.7660414610069102, 0.769990128331688, 0.7645607107601184]","[[400, 64, 0], [116, 979, 123], [0, 172, 173]]","              precision    recall  f1-score   support

    Low Tier       0.78      0.86      0.82       464
    Mid Tier       0.81      0.80      0.80      1218
    Top Tier       0.58      0.50      0.54       345

    accuracy                           0.77      2027
   macro avg       0.72      0.72      0.72      2027
weighted avg       0.76      0.77      0.76      2027
",0.27,"['Low Tier', 'Mid Tier', 'Top Tier']",Trial 5: Multi-Target
Gradient Boosting,0.801677355698076,0.7446267937459842,0.9184454040715607,0.11676804837348476,0.7726096810949815,0.7446267937459842,0.7506252753647907,0.7954562152006318,0.801677355698076,0.7941606684249217,0.921435839960858,0.8105004940704245,0.006875935787833156,"[0.8219042920572275, 0.8080907745436606, 0.8050345508390918, 0.8144126357354393, 0.8030602171767028]","[[419, 45, 0], [104, 1042, 72], [0, 181, 164]]","              precision    recall  f1-score   support

    Low Tier       0.80      0.90      0.85       464
    Mid Tier       0.82      0.86      0.84      1218
    Top Tier       0.69      0.48      0.56       345

    accuracy                           0.80      2027
   macro avg       0.77      0.74      0.75      2027
weighted avg       0.80      0.80      0.79      2027
",69.58,"['Low Tier', 'Mid Tier', 'Top Tier']",Trial 5: Multi-Target
LightGBM,0.809570794277257,0.7576143475881109,0.9544725478099938,0.14490175353273682,0.7810208958468609,0.7576143475881109,0.7643162297041045,0.8040665934577582,0.809570794277257,0.8040475077823114,0.9196716545930078,0.8122773456656948,0.00403146925108725,"[0.8174642328564381, 0.8130241736556487, 0.8050345508390918, 0.8134254689042448, 0.8124383020730503]","[[415, 49, 0], [93, 1047, 78], [0, 166, 179]]","              precision    recall  f1-score   support

    Low Tier       0.82      0.89      0.85       464
    Mid Tier       0.83      0.86      0.84      1218
    Top Tier       0.70      0.52      0.59       345

    accuracy                           0.81      2027
   macro avg       0.78      0.76      0.76      2027
weighted avg       0.80      0.81      0.80      2027
",3.68,"['Low Tier', 'Mid Tier', 'Top Tier']",Trial 5: Multi-Target
MLP Neural Network,0.7760236803157375,0.6976639656362295,0.8197409006785935,0.04371722036285597,0.7540742280742281,0.6976639656362295,0.7109061433087143,0.7695676817571243,0.7760236803157375,0.7643803858497972,0.8898373688194382,0.7777335682014423,0.0055060912353922815,"[0.7819437592501234, 0.7770103601381352, 0.7857847976307996, 0.7729516288252715, 0.7709772951628825]","[[389, 75, 0], [111, 1048, 59], [0, 209, 136]]","              precision    recall  f1-score   support

    Low Tier       0.78      0.84      0.81       464
    Mid Tier       0.79      0.86      0.82      1218
    Top Tier       0.70      0.39      0.50       345

    accuracy                           0.78      2027
   macro avg       0.75      0.70      0.71      2027
weighted avg       0.77      0.78      0.76      2027
",1.66,"['Low Tier', 'Mid Tier', 'Top Tier']",Trial 5: Multi-Target
XGBoost,0.9388258510113469,0.7111308208227973,0.9700185070943862,0.03119265608303934,0.9506237006237006,0.9843918191603875,0.9672131147540983,0.9506237006237006,0.9843918191603875,0.9672131147540983,0.8687938293386667,0.939400813596896,0.004726089638376058,"[0.9348791317217563, 0.9348791317217563, 0.9387956564659428, 0.947680157946693, 0.9407699901283317]","[[74, 95], [29, 1829]]","              precision    recall  f1-score   support

        High       0.72      0.44      0.54       169
        Rest       0.95      0.98      0.97      1858

    accuracy                           0.94      2027
   macro avg       0.83      0.71      0.76      2027
weighted avg       0.93      0.94      0.93      2027
",0.74,"['High', 'Rest']",Trial 6: Binary (High/Rest)
CatBoost,0.9417858904785397,0.7046770402736289,0.9607649599012955,0.018979069422755845,0.9493801652892562,0.9892357373519914,0.9688982604111755,0.9493801652892562,0.9892357373519914,0.9688982604111755,0.8746886962503423,0.9389072788821785,0.005957821252474985,"[0.9324124321657622, 0.9368524913665516, 0.9368213228035538, 0.9501480750246791, 0.9383020730503455]","[[71, 98], [20, 1838]]","              precision    recall  f1-score   support

        High       0.78      0.42      0.55       169
        Rest       0.95      0.99      0.97      1858

    accuracy                           0.94      2027
   macro avg       0.86      0.70      0.76      2027
weighted avg       0.94      0.94      0.93      2027
",1.1,"['High', 'Rest']",Trial 6: Binary (High/Rest)
Random Forest,0.9398125308337445,0.6820848274851752,0.9601480567550894,0.02033552592134491,0.9455852156057495,0.9913885898815931,0.9679453494482396,0.9455852156057495,0.9913885898815931,0.9679453494482396,0.8672938388927459,0.9363410834289901,0.0058144072165876685,"[0.932905772076961, 0.9319190922545634, 0.9333662388943732, 0.947680157946693, 0.9358341559723593]","[[63, 106], [16, 1842]]","              precision    recall  f1-score   support

        High       0.80      0.37      0.51       169
        Rest       0.95      0.99      0.97      1858

    accuracy                           0.94      2027
   macro avg       0.87      0.68      0.74      2027
weighted avg       0.93      0.94      0.93      2027
",0.74,"['High', 'Rest']",Trial 6: Binary (High/Rest)
SVM (RBF),0.9294523926985693,0.5930599168158165,0.9328809376927822,0.0034285449942129675,0.9311211664152841,0.9967707212055974,0.9628281778008838,0.9311211664152841,0.9967707212055974,0.9628281778008838,0.794692390494328,0.92785261750183,0.001463925448722744,"[0.9264923532313765, 0.9264923532313765, 0.9284304047384008, 0.9304047384007897, 0.9274432379072063]","[[32, 137], [6, 1852]]","              precision    recall  f1-score   support

        High       0.84      0.19      0.31       169
        Rest       0.93      1.00      0.96      1858

    accuracy                           0.93      2027
   macro avg       0.89      0.59      0.64      2027
weighted avg       0.92      0.93      0.91      2027
",2.42,"['High', 'Rest']",Trial 6: Binary (High/Rest)
SVM (Linear),0.9319190922545634,0.5997843962777307,0.9267119062307217,-0.005207186023841626,0.9321608040201005,0.9983853606027987,0.9641372141372141,0.9321608040201005,0.9983853606027987,0.9641372141372141,0.7904663027624026,0.9271615033182344,0.0030352906658060548,"[0.9279723729649728, 0.9259990133201776, 0.9274432379072063, 0.9318854886475815, 0.922507403751234]","[[34, 135], [3, 1855]]","              precision    recall  f1-score   support

        High       0.92      0.20      0.33       169
        Rest       0.93      1.00      0.96      1858

    accuracy                           0.93      2027
   macro avg       0.93      0.60      0.65      2027
weighted avg       0.93      0.93      0.91      2027
",13.11,"['High', 'Rest']",Trial 6: Binary (High/Rest)
Logistic Regression,0.9294523926985693,0.6172651766549258,0.9289327575570635,-0.0005196351415057698,0.9350583460172501,0.9919268030139935,0.9626534343170541,0.9350583460172501,0.9919268030139935,0.9626534343170541,0.8452812402468773,0.9280502456715876,0.003193063453002766,"[0.9264923532313765, 0.9245189935865812, 0.9318854886475815, 0.9318854886475815, 0.9254689042448174]","[[41, 128], [15, 1843]]","              precision    recall  f1-score   support

        High       0.73      0.24      0.36       169
        Rest       0.94      0.99      0.96      1858

    accuracy                           0.93      2027
   macro avg       0.83      0.62      0.66      2027
weighted avg       0.92      0.93      0.91      2027
",0.01,"['High', 'Rest']",Trial 6: Binary (High/Rest)
KNN,0.9314257523433646,0.6533047560206623,0.9412708204811845,0.009845068137819935,0.9409953822473063,0.9870828848223897,0.9634883110060415,0.9409953822473063,0.9870828848223897,0.9634883110060415,0.7921701135661557,0.930912493772375,0.00272521133613283,"[0.9289590527873705, 0.9274790330537741, 0.9338598223099703, 0.9343534057255676, 0.9299111549851925]","[[54, 115], [24, 1834]]","              precision    recall  f1-score   support

        High       0.69      0.32      0.44       169
        Rest       0.94      0.99      0.96      1858

    accuracy                           0.93      2027
   macro avg       0.82      0.65      0.70      2027
weighted avg       0.92      0.93      0.92      2027
",0.0,"['High', 'Rest']",Trial 6: Binary (High/Rest)
Decision Tree,0.9161322150962012,0.6826150788848478,0.9780382479950648,0.06190603289886354,0.9465608465608466,0.9628632938643703,0.9546424759871932,0.9465608465608466,0.9628632938643703,0.9546424759871932,0.6383589913440042,0.9156150117539573,0.006358326152334651,"[0.9057720769610261, 0.9141588554514061, 0.9131293188548865, 0.9234945705824285, 0.9215202369200395]","[[68, 101], [69, 1789]]","              precision    recall  f1-score   support

        High       0.50      0.40      0.44       169
        Rest       0.95      0.96      0.95      1858

    accuracy                           0.92      2027
   macro avg       0.72      0.68      0.70      2027
weighted avg       0.91      0.92      0.91      2027
",0.31,"['High', 'Rest']",Trial 6: Binary (High/Rest)
Gradient Boosting,0.940799210656142,0.7148967204030547,0.9718692165330043,0.03107000587686226,0.9511941848390446,0.9860064585575888,0.9682875264270613,0.9511941848390446,0.9860064585575888,0.9682875264270613,0.8841743046222637,0.9377225812829858,0.004658392256554075,"[0.9324124321657622, 0.9378391711889492, 0.937314906219151, 0.9461994076999013, 0.9348469891411648]","[[75, 94], [26, 1832]]","              precision    recall  f1-score   support

        High       0.74      0.44      0.56       169
        Rest       0.95      0.99      0.97      1858

    accuracy                           0.94      2027
   macro avg       0.85      0.71      0.76      2027
weighted avg       0.93      0.94      0.93      2027
",24.07,"['High', 'Rest']",Trial 6: Binary (High/Rest)
LightGBM,0.9417858904785397,0.7073665135890854,0.9879086983343615,0.04612280785582179,0.9498448810754913,0.988697524219591,0.9688818565400844,0.9498448810754913,0.988697524219591,0.9688818565400844,0.8712683358704723,0.9375255375237843,0.0060644568670952664,"[0.9314257523433646, 0.9348791317217563, 0.9358341559723593, 0.9491609081934848, 0.9363277393879565]","[[72, 97], [21, 1837]]","              precision    recall  f1-score   support

        High       0.77      0.43      0.55       169
        Rest       0.95      0.99      0.97      1858

    accuracy                           0.94      2027
   macro avg       0.86      0.71      0.76      2027
weighted avg       0.94      0.94      0.93      2027
",1.21,"['High', 'Rest']",Trial 6: Binary (High/Rest)
MLP Neural Network,0.9378391711889492,0.6863873478512876,0.9412708204811845,0.0034316492922352726,0.9463917525773196,0.9881593110871906,0.966824644549763,0.9463917525773196,0.9881593110871906,0.966824644549763,0.8658607270017389,0.9343671880745182,0.004055993877126364,"[0.9299457326097681, 0.9304390725209669, 0.9368213228035538, 0.9407699901283317, 0.9338598223099703]","[[65, 104], [22, 1836]]","              precision    recall  f1-score   support

        High       0.75      0.38      0.51       169
        Rest       0.95      0.99      0.97      1858

    accuracy                           0.94      2027
   macro avg       0.85      0.69      0.74      2027
weighted avg       0.93      0.94      0.93      2027
",1.36,"['High', 'Rest']",Trial 6: Binary (High/Rest)
